V,I,P,VC
5.3800,0.0000,0.0000,5.5673
5.3795,0.0015,0.0082,5.5668
5.3790,0.0030,0.0164,5.5663
5.3785,0.0046,0.0246,5.5658
5.3780,0.0061,0.0328,5.5653
5.3774,0.0076,0.0410,5.5648
5.3769,0.0091,0.0492,5.5643
5.3764,0.0107,0.0573,5.5637
5.3759,0.0122,0.0655,5.5632
5.3754,0.0137,0.0737,5.5627
5.3749,0.0152,0.0819,5.5622
5.3744,0.0168,0.0901,5.5617
5.3739,0.0183,0.0983,5.5612
5.3733,0.0198,0.1064,5.5607
5.3728,0.0213,0.1146,5.5602
5.3723,0.0229,0.1228,5.5596
5.3718,0.0244,0.1310,5.5591
5.3713,0.0259,0.1391,5.5586
5.3708,0.0274,0.1473,5.5581
5.3703,0.0290,0.1555,5.5576
5.3698,0.0305,0.1636,5.5571
5.3692,0.0320,0.1718,5.5566
5.3687,0.0335,0.1800,5.5561
5.3682,0.0350,0.1881,5.5556
5.3677,0.0366,0.1963,5.5550
5.3672,0.0381,0.2045,5.5545
5.3667,0.0396,0.2126,5.5540
5.3662,0.0411,0.2208,5.5535
5.3657,0.0427,0.2289,5.5530
5.3651,0.0442,0.2371,5.5525
5.3646,0.0457,0.2452,5.5520
5.3641,0.0472,0.2534,5.5515
5.3636,0.0488,0.2615,5.5509
5.3631,0.0503,0.2697,5.5504
5.3626,0.0518,0.2778,5.5499
5.3621,0.0533,0.2860,5.5494
5.3616,0.0549,0.2941,5.5489
5.3610,0.0564,0.3022,5.5484
5.3605,0.0579,0.3104,5.5479
5.3600,0.0594,0.3185,5.5474
5.3595,0.0610,0.3267,5.5468
5.3590,0.0625,0.3348,5.5463
5.3585,0.0640,0.3429,5.5458
5.3580,0.0655,0.3511,5.5453
5.3575,0.0670,0.3592,5.5448
5.3569,0.0686,0.3673,5.5443
5.3564,0.0701,0.3754,5.5438
5.3559,0.0716,0.3836,5.5433
5.3554,0.0731,0.3917,5.5427
5.3549,0.0747,0.3998,5.5422
5.3544,0.0762,0.4079,5.5417
5.3539,0.0777,0.4161,5.5412
5.3534,0.0792,0.4242,5.5407
5.3528,0.0808,0.4323,5.5402
5.3523,0.0823,0.4404,5.5397
5.3518,0.0838,0.4485,5.5392
5.3513,0.0853,0.4566,5.5386
5.3508,0.0869,0.4647,5.5381
5.3503,0.0884,0.4728,5.5376
5.3498,0.0899,0.4810,5.5371
5.3493,0.0914,0.4891,5.5366
5.3487,0.0929,0.4972,5.5361
5.3482,0.0945,0.5053,5.5356
5.3477,0.0960,0.5134,5.5351
5.3472,0.0975,0.5215,5.5345
5.3467,0.0990,0.5296,5.5340
5.3462,0.1006,0.5377,5.5335
5.3457,0.1021,0.5457,5.5330
5.3452,0.1036,0.5538,5.5325
5.3447,0.1051,0.5619,5.5320
5.3441,0.1067,0.5700,5.5315
5.3436,0.1082,0.5781,5.5310
5.3431,0.1097,0.5862,5.5304
5.3426,0.1112,0.5943,5.5299
5.3421,0.1128,0.6024,5.5294
5.3416,0.1143,0.6104,5.5289
5.3411,0.1158,0.6185,5.5284
5.3406,0.1173,0.6266,5.5279
5.3400,0.1189,0.6347,5.5274
5.3395,0.1204,0.6428,5.5269
5.3390,0.1219,0.6508,5.5263
5.3385,0.1234,0.6589,5.5258
5.3380,0.1249,0.6670,5.5253
5.3375,0.1265,0.6750,5.5248
5.3370,0.1280,0.6831,5.5243
5.3365,0.1295,0.6912,5.5238
5.3359,0.1310,0.6992,5.5233
5.3354,0.1326,0.7073,5.5228
5.3349,0.1341,0.7154,5.5222
5.3344,0.1356,0.7234,5.5217
5.3339,0.1371,0.7315,5.5212
5.3334,0.1387,0.7395,5.5207
5.3329,0.1402,0.7476,5.5202
5.3324,0.1417,0.7556,5.5197
5.3318,0.1432,0.7637,5.5192
5.3313,0.1448,0.7717,5.5187
5.3308,0.1463,0.7798,5.5182
5.3303,0.1478,0.7878,5.5176
5.3298,0.1493,0.7959,5.5171
5.3293,0.1509,0.8039,5.5166
5.3288,0.1524,0.8120,5.5161
5.3283,0.1539,0.8200,5.5156
5.3277,0.1554,0.8281,5.5151
5.3272,0.1569,0.8361,5.5146
5.3267,0.1585,0.8441,5.5141
5.3262,0.1600,0.8522,5.5135
5.3257,0.1615,0.8602,5.5130
5.3252,0.1630,0.8682,5.5125
5.3247,0.1646,0.8763,5.5120
5.3242,0.1661,0.8843,5.5115
5.3236,0.1676,0.8923,5.5110
5.3231,0.1691,0.9003,5.5105
5.3226,0.1707,0.9084,5.5100
5.3221,0.1722,0.9164,5.5094
5.3216,0.1737,0.9244,5.5089
5.3211,0.1752,0.9324,5.5084
5.3206,0.1768,0.9404,5.5079
5.3201,0.1783,0.9485,5.5074
5.3195,0.1798,0.9565,5.5069
5.3190,0.1813,0.9645,5.5064
5.3185,0.1829,0.9725,5.5059
5.3180,0.1844,0.9805,5.5053
5.3175,0.1859,0.9885,5.5048
5.3170,0.1874,0.9965,5.5043
5.3165,0.1889,1.0045,5.5038
5.3160,0.1905,1.0125,5.5033
5.3154,0.1920,1.0205,5.5028
5.3149,0.1935,1.0285,5.5023
5.3144,0.1950,1.0365,5.5018
5.3139,0.1966,1.0445,5.5012
5.3134,0.1981,1.0525,5.5007
5.3129,0.1996,1.0605,5.5002
5.3124,0.2011,1.0685,5.4997
5.3119,0.2027,1.0765,5.4992
5.3113,0.2042,1.0845,5.4987
5.3108,0.2057,1.0925,5.4982
5.3103,0.2072,1.1005,5.4977
5.3098,0.2088,1.1084,5.4971
5.3093,0.2103,1.1164,5.4966
5.3088,0.2118,1.1244,5.4961
5.3083,0.2133,1.1324,5.4956
5.3078,0.2148,1.1404,5.4951
5.3073,0.2164,1.1483,5.4946
5.3067,0.2179,1.1563,5.4941
5.3062,0.2194,1.1643,5.4936
5.3057,0.2209,1.1723,5.4930
5.3052,0.2225,1.1802,5.4925
5.3047,0.2240,1.1882,5.4920
5.3042,0.2255,1.1962,5.4915
5.3037,0.2270,1.2041,5.4910
5.3032,0.2286,1.2121,5.4905
5.3026,0.2301,1.2201,5.4900
5.3021,0.2316,1.2280,5.4895
5.3016,0.2331,1.2360,5.4889
5.3011,0.2347,1.2439,5.4884
5.3006,0.2362,1.2519,5.4879
5.3001,0.2377,1.2599,5.4874
5.2996,0.2392,1.2678,5.4869
5.2991,0.2408,1.2758,5.4864
5.2985,0.2423,1.2837,5.4859
5.2980,0.2438,1.2917,5.4854
5.2975,0.2453,1.2996,5.4849
5.2970,0.2468,1.3076,5.4843
5.2965,0.2484,1.3155,5.4838
5.2960,0.2499,1.3234,5.4833
5.2955,0.2514,1.3314,5.4828
5.2950,0.2529,1.3393,5.4823
5.2944,0.2545,1.3473,5.4818
5.2939,0.2560,1.3552,5.4813
5.2934,0.2575,1.3631,5.4808
5.2929,0.2590,1.3711,5.4802
5.2924,0.2606,1.3790,5.4797
5.2919,0.2621,1.3869,5.4792
5.2914,0.2636,1.3949,5.4787
5.2909,0.2651,1.4028,5.4782
5.2903,0.2667,1.4107,5.4777
5.2898,0.2682,1.4186,5.4772
5.2893,0.2697,1.4266,5.4767
5.2888,0.2712,1.4345,5.4761
5.2883,0.2728,1.4424,5.4756
5.2878,0.2743,1.4503,5.4751
5.2873,0.2758,1.4582,5.4746
5.2868,0.2773,1.4661,5.4741
5.2862,0.2788,1.4741,5.4736
5.2857,0.2804,1.4820,5.4731
5.2852,0.2819,1.4899,5.4726
5.2847,0.2834,1.4978,5.4720
5.2842,0.2849,1.5057,5.4715
5.2837,0.2865,1.5136,5.4710
5.2832,0.2880,1.5215,5.4705
5.2827,0.2895,1.5294,5.4700
5.2821,0.2910,1.5373,5.4695
5.2816,0.2926,1.5452,5.4690
5.2811,0.2941,1.5531,5.4685
5.2806,0.2956,1.5610,5.4679
5.2801,0.2971,1.5689,5.4674
5.2796,0.2987,1.5768,5.4669
5.2791,0.3002,1.5847,5.4664
5.2786,0.3017,1.5926,5.4659
5.2780,0.3032,1.6004,5.4654
5.2775,0.3048,1.6083,5.4649
5.2770,0.3063,1.6162,5.4644
5.2765,0.3078,1.6241,5.4638
5.2760,0.3093,1.6320,5.4633
5.2755,0.3108,1.6399,5.4628
5.2750,0.3124,1.6477,5.4623
5.2745,0.3139,1.6556,5.4618
5.2740,0.3154,1.6635,5.4613
5.2734,0.3169,1.6714,5.4608
5.2729,0.3185,1.6792,5.4603
5.2724,0.3200,1.6871,5.4597
5.2719,0.3215,1.6950,5.4592
5.2714,0.3230,1.7028,5.4587
5.2709,0.3246,1.7107,5.4582
5.2704,0.3261,1.7186,5.4577
5.2699,0.3276,1.7264,5.4572
5.2693,0.3291,1.7343,5.4567
5.2688,0.3307,1.7422,5.4562
5.2683,0.3322,1.7500,5.4556
5.2678,0.3337,1.7579,5.4551
5.2673,0.3352,1.7657,5.4546
5.2668,0.3367,1.7736,5.4541
5.2663,0.3383,1.7814,5.4536
5.2658,0.3398,1.7893,5.4531
5.2652,0.3413,1.7971,5.4526
5.2647,0.3428,1.8050,5.4521
5.2642,0.3444,1.8128,5.4516
5.2637,0.3459,1.8207,5.4510
5.2632,0.3474,1.8285,5.4505
5.2627,0.3489,1.8364,5.4500
5.2622,0.3505,1.8442,5.4495
5.2617,0.3520,1.8520,5.4490
5.2611,0.3535,1.8599,5.4485
5.2606,0.3550,1.8677,5.4480
5.2601,0.3566,1.8755,5.4475
5.2596,0.3581,1.8834,5.4469
5.2591,0.3596,1.8912,5.4464
5.2586,0.3611,1.8990,5.4459
5.2581,0.3627,1.9069,5.4454
5.2576,0.3642,1.9147,5.4449
5.2570,0.3657,1.9225,5.4444
5.2565,0.3672,1.9303,5.4439
5.2560,0.3687,1.9381,5.4434
5.2555,0.3703,1.9460,5.4428
5.2550,0.3718,1.9538,5.4423
5.2545,0.3733,1.9616,5.4418
5.2540,0.3748,1.9694,5.4413
5.2535,0.3764,1.9772,5.4408
5.2529,0.3779,1.9850,5.4403
5.2524,0.3794,1.9929,5.4398
5.2519,0.3809,2.0007,5.4393
5.2514,0.3825,2.0085,5.4387
5.2509,0.3840,2.0163,5.4382
5.2504,0.3855,2.0241,5.4377
5.2499,0.3870,2.0319,5.4372
5.2494,0.3886,2.0397,5.4367
5.2488,0.3901,2.0475,5.4362
5.2483,0.3916,2.0553,5.4357
5.2478,0.3931,2.0631,5.4352
5.2473,0.3947,2.0709,5.4346
5.2468,0.3962,2.0787,5.4341
5.2463,0.3977,2.0864,5.4336
5.2458,0.3992,2.0942,5.4331
5.2453,0.4007,2.1020,5.4326
5.2447,0.4023,2.1098,5.4321
5.2442,0.4038,2.1176,5.4316
5.2437,0.4053,2.1254,5.4311
5.2432,0.4068,2.1332,5.4305
5.2427,0.4084,2.1409,5.4300
5.2422,0.4099,2.1487,5.4295
5.2417,0.4114,2.1565,5.4290
5.2412,0.4129,2.1643,5.4285
5.2407,0.4145,2.1720,5.4280
5.2401,0.4160,2.1798,5.4275
5.2396,0.4175,2.1876,5.4270
5.2391,0.4190,2.1954,5.4264
5.2386,0.4206,2.2031,5.4259
5.2381,0.4221,2.2109,5.4254
5.2376,0.4236,2.2187,5.4249
5.2371,0.4251,2.2264,5.4244
5.2366,0.4267,2.2342,5.4239
5.2360,0.4282,2.2419,5.4234
5.2355,0.4297,2.2497,5.4229
5.2350,0.4312,2.2575,5.4223
5.2345,0.4327,2.2652,5.4218
5.2340,0.4343,2.2730,5.4213
5.2335,0.4358,2.2807,5.4208
5.2330,0.4373,2.2885,5.4203
5.2325,0.4388,2.2962,5.4198
5.2319,0.4404,2.3040,5.4193
5.2314,0.4419,2.3117,5.4188
5.2309,0.4434,2.3195,5.4183
5.2304,0.4449,2.3272,5.4177
5.2299,0.4465,2.3349,5.4172
5.2294,0.4480,2.3427,5.4167
5.2289,0.4495,2.3504,5.4162
5.2284,0.4510,2.3582,5.4157
5.2278,0.4526,2.3659,5.4152
5.2273,0.4541,2.3736,5.4147
5.2268,0.4556,2.3814,5.4142
5.2263,0.4571,2.3891,5.4136
5.2258,0.4586,2.3968,5.4131
5.2253,0.4602,2.4045,5.4126
5.2248,0.4617,2.4123,5.4121
5.2243,0.4632,2.4200,5.4116
5.2237,0.4647,2.4277,5.4111
5.2232,0.4663,2.4354,5.4106
5.2227,0.4678,2.4431,5.4101
5.2222,0.4693,2.4509,5.4095
5.2217,0.4708,2.4586,5.4090
5.2212,0.4724,2.4663,5.4085
5.2207,0.4739,2.4740,5.4080
5.2202,0.4754,2.4817,5.4075
5.2196,0.4769,2.4894,5.4070
5.2191,0.4785,2.4971,5.4065
5.2186,0.4800,2.5048,5.4060
5.2181,0.4815,2.5126,5.4054
5.2176,0.4830,2.5203,5.4049
5.2171,0.4846,2.5280,5.4044
5.2166,0.4861,2.5357,5.4039
5.2161,0.4876,2.5434,5.4034
5.2155,0.4891,2.5511,5.4029
5.2150,0.4906,2.5588,5.4024
5.2145,0.4922,2.5664,5.4019
5.2140,0.4937,2.5741,5.4013
5.2135,0.4952,2.5818,5.4008
5.2130,0.4967,2.5895,5.4003
5.2125,0.4983,2.5972,5.3998
5.2120,0.4998,2.6049,5.3993
5.2114,0.5013,2.6126,5.3988
5.2109,0.5028,2.6203,5.3983
5.2104,0.5044,2.6279,5.3978
5.2099,0.5059,2.6356,5.3972
5.2094,0.5074,2.6433,5.3967
5.2089,0.5089,2.6510,5.3962
5.2084,0.5105,2.6587,5.3957
5.2079,0.5120,2.6663,5.3952
5.2074,0.5135,2.6740,5.3947
5.2068,0.5150,2.6817,5.3942
5.2063,0.5166,2.6893,5.3937
5.2058,0.5181,2.6970,5.3931
5.2053,0.5196,2.7047,5.3926
5.2048,0.5211,2.7123,5.3921
5.2043,0.5226,2.7200,5.3916
5.2038,0.5242,2.7277,5.3911
5.2033,0.5257,2.7353,5.3906
5.2027,0.5272,2.7430,5.3901
5.2022,0.5287,2.7506,5.3896
5.2017,0.5303,2.7583,5.3890
5.2012,0.5318,2.7659,5.3885
5.2007,0.5333,2.7736,5.3880
5.2002,0.5348,2.7813,5.3875
5.1997,0.5364,2.7889,5.3870
5.1992,0.5379,2.7965,5.3865
5.1986,0.5394,2.8042,5.3860
5.1981,0.5409,2.8118,5.3855
5.1976,0.5425,2.8195,5.3849
5.1971,0.5440,2.8271,5.3844
5.1966,0.5455,2.8348,5.3839
5.1961,0.5470,2.8424,5.3834
5.1956,0.5486,2.8500,5.3829
5.1951,0.5501,2.8577,5.3824
5.1945,0.5516,2.8653,5.3819
5.1940,0.5531,2.8729,5.3814
5.1935,0.5546,2.8806,5.3809
5.1930,0.5562,2.8882,5.3803
5.1925,0.5577,2.8958,5.3798
5.1920,0.5592,2.9034,5.3793
5.1915,0.5607,2.9111,5.3788
5.1910,0.5623,2.9187,5.3783
5.1904,0.5638,2.9263,5.3778
5.1899,0.5653,2.9339,5.3773
5.1894,0.5668,2.9416,5.3768
5.1889,0.5684,2.9492,5.3762
5.1884,0.5699,2.9568,5.3757
5.1879,0.5714,2.9644,5.3752
5.1874,0.5729,2.9720,5.3747
5.1869,0.5745,2.9796,5.3742
5.1863,0.5760,2.9872,5.3737
5.1858,0.5775,2.9948,5.3732
5.1853,0.5790,3.0024,5.3727
5.1848,0.5806,3.0100,5.3721
5.1843,0.5821,3.0176,5.3716
5.1838,0.5836,3.0252,5.3711
5.1833,0.5851,3.0328,5.3706
5.1828,0.5866,3.0404,5.3701
5.1822,0.5882,3.0480,5.3696
5.1817,0.5897,3.0556,5.3691
5.1812,0.5912,3.0632,5.3686
5.1807,0.5927,3.0708,5.3680
5.1802,0.5943,3.0784,5.3675
5.1797,0.5958,3.0860,5.3670
5.1792,0.5973,3.0936,5.3665
5.1787,0.5988,3.1012,5.3660
5.1781,0.6004,3.1087,5.3655
5.1776,0.6019,3.1163,5.3650
5.1771,0.6034,3.1239,5.3645
5.1766,0.6049,3.1315,5.3639
5.1761,0.6065,3.1391,5.3634
5.1756,0.6080,3.1466,5.3629
5.1751,0.6095,3.1542,5.3624
5.1746,0.6110,3.1618,5.3619
5.1740,0.6125,3.1694,5.3614
5.1735,0.6141,3.1769,5.3609
5.1730,0.6156,3.1845,5.3604
5.1725,0.6171,3.1921,5.3598
5.1720,0.6186,3.1996,5.3593
5.1715,0.6202,3.2072,5.3588
5.1710,0.6217,3.2148,5.3583
5.1705,0.6232,3.2223,5.3578
5.1700,0.6247,3.2299,5.3573
5.1694,0.6263,3.2374,5.3568
5.1689,0.6278,3.2450,5.3563
5.1684,0.6293,3.2525,5.3557
5.1679,0.6308,3.2601,5.3552
5.1674,0.6324,3.2676,5.3547
5.1669,0.6339,3.2752,5.3542
5.1664,0.6354,3.2827,5.3537
5.1659,0.6369,3.2903,5.3532
5.1653,0.6385,3.2978,5.3527
5.1648,0.6400,3.3054,5.3522
5.1643,0.6415,3.3129,5.3516
5.1638,0.6430,3.3204,5.3511
5.1633,0.6445,3.3280,5.3506
5.1628,0.6461,3.3355,5.3501
5.1623,0.6476,3.3431,5.3496
5.1618,0.6491,3.3506,5.3491
5.1612,0.6506,3.3581,5.3486
5.1607,0.6522,3.3657,5.3481
5.1602,0.6537,3.3732,5.3476
5.1597,0.6552,3.3807,5.3470
5.1592,0.6567,3.3882,5.3465
5.1587,0.6583,3.3958,5.3460
5.1582,0.6598,3.4033,5.3455
5.1577,0.6613,3.4108,5.3450
5.1571,0.6628,3.4183,5.3445
5.1566,0.6644,3.4258,5.3440
5.1561,0.6659,3.4334,5.3435
5.1556,0.6674,3.4409,5.3429
5.1551,0.6689,3.4484,5.3424
5.1546,0.6705,3.4559,5.3419
5.1541,0.6720,3.4634,5.3414
5.1536,0.6735,3.4709,5.3409
5.1530,0.6750,3.4784,5.3404
5.1525,0.6765,3.4859,5.3399
5.1520,0.6781,3.4934,5.3394
5.1515,0.6796,3.5009,5.3388
5.1510,0.6811,3.5084,5.3383
5.1505,0.6826,3.5159,5.3378
5.1500,0.6842,3.5234,5.3373
5.1495,0.6857,3.5309,5.3368
5.1489,0.6872,3.5384,5.3363
5.1484,0.6887,3.5459,5.3358
5.1479,0.6903,3.5534,5.3353
5.1474,0.6918,3.5609,5.3347
5.1469,0.6933,3.5684,5.3342
5.1464,0.6948,3.5759,5.3337
5.1459,0.6964,3.5834,5.3332
5.1454,0.6979,3.5908,5.3327
5.1448,0.6994,3.5983,5.3322
5.1443,0.7009,3.6058,5.3317
5.1438,0.7025,3.6133,5.3312
5.1433,0.7040,3.6208,5.3306
5.1428,0.7055,3.6282,5.3301
5.1423,0.7070,3.6357,5.3296
5.1418,0.7085,3.6432,5.3291
5.1413,0.7101,3.6507,5.3286
5.1407,0.7116,3.6581,5.3281
5.1402,0.7131,3.6656,5.3276
5.1397,0.7146,3.6731,5.3271
5.1392,0.7162,3.6805,5.3265
5.1387,0.7177,3.6880,5.3260
5.1382,0.7192,3.6954,5.3255
5.1377,0.7207,3.7029,5.3250
5.1372,0.7223,3.7104,5.3245
5.1367,0.7238,3.7178,5.3240
5.1361,0.7253,3.7253,5.3235
5.1356,0.7268,3.7327,5.3230
5.1351,0.7284,3.7402,5.3224
5.1346,0.7299,3.7476,5.3219
5.1341,0.7314,3.7551,5.3214
5.1336,0.7329,3.7625,5.3209
5.1331,0.7344,3.7700,5.3204
5.1326,0.7360,3.7774,5.3199
5.1320,0.7375,3.7849,5.3194
5.1315,0.7390,3.7923,5.3189
5.1310,0.7405,3.7997,5.3183
5.1305,0.7421,3.8072,5.3178
5.1300,0.7436,3.8146,5.3173
5.1295,0.7451,3.8221,5.3168
5.1290,0.7466,3.8295,5.3163
5.1285,0.7482,3.8369,5.3158
5.1279,0.7497,3.8444,5.3153
5.1274,0.7512,3.8518,5.3148
5.1269,0.7527,3.8592,5.3143
5.1264,0.7543,3.8666,5.3137
5.1259,0.7558,3.8741,5.3132
5.1254,0.7573,3.8815,5.3127
5.1249,0.7588,3.8889,5.3122
5.1244,0.7604,3.8963,5.3117
5.1238,0.7619,3.9037,5.3112
5.1233,0.7634,3.9112,5.3107
5.1228,0.7649,3.9186,5.3102
5.1223,0.7664,3.9260,5.3096
5.1218,0.7680,3.9334,5.3091
5.1213,0.7695,3.9408,5.3086
5.1208,0.7710,3.9482,5.3081
5.1203,0.7725,3.9556,5.3076
5.1197,0.7741,3.9630,5.3071
5.1192,0.7756,3.9704,5.3066
5.1187,0.7771,3.9778,5.3061
5.1182,0.7786,3.9852,5.3055
5.1177,0.7802,3.9926,5.3050
5.1172,0.7817,4.0000,5.3045
5.1167,0.7832,4.0074,5.3040
5.1162,0.7847,4.0148,5.3035
5.1156,0.7863,4.0222,5.3030
5.1151,0.7878,4.0296,5.3025
5.1146,0.7893,4.0370,5.3020
5.1141,0.7908,4.0444,5.3014
5.1136,0.7924,4.0518,5.3009
5.1131,0.7939,4.0592,5.3004
5.1126,0.7954,4.0665,5.2999
5.1121,0.7969,4.0739,5.2994
5.1115,0.7984,4.0813,5.2989
5.1110,0.8000,4.0887,5.2984
5.1105,0.8015,4.0961,5.2979
5.1100,0.8030,4.1034,5.2973
5.1095,0.8045,4.1108,5.2968
5.1090,0.8061,4.1182,5.2963
5.1085,0.8076,4.1255,5.2958
5.1080,0.8091,4.1329,5.2953
5.1074,0.8106,4.1403,5.2948
5.1069,0.8122,4.1477,5.2943
5.1064,0.8137,4.1550,5.2938
5.1059,0.8152,4.1624,5.2932
5.1054,0.8167,4.1697,5.2927
5.1049,0.8183,4.1771,5.2922
5.1044,0.8198,4.1845,5.2917
5.1039,0.8213,4.1918,5.2912
5.1034,0.8228,4.1992,5.2907
5.1028,0.8244,4.2065,5.2902
5.1023,0.8259,4.2139,5.2897
5.1018,0.8274,4.2212,5.2891
5.1013,0.8289,4.2286,5.2886
5.1008,0.8304,4.2359,5.2881
5.1003,0.8320,4.2433,5.2876
5.0998,0.8335,4.2506,5.2871
5.0993,0.8350,4.2580,5.2866
5.0987,0.8365,4.2653,5.2861
5.0982,0.8381,4.2726,5.2856
5.0977,0.8396,4.2800,5.2850
5.0972,0.8411,4.2873,5.2845
5.0967,0.8426,4.2947,5.2840
5.0962,0.8442,4.3020,5.2835
5.0957,0.8457,4.3093,5.2830
5.0952,0.8472,4.3166,5.2825
5.0946,0.8487,4.3240,5.2820
5.0941,0.8503,4.3313,5.2815
5.0936,0.8518,4.3386,5.2810
5.0931,0.8533,4.3460,5.2804
5.0926,0.8548,4.3533,5.2799
5.0921,0.8563,4.3606,5.2794
5.0916,0.8579,4.3679,5.2789
5.0911,0.8594,4.3752,5.2784
5.0905,0.8609,4.3826,5.2779
5.0900,0.8624,4.3899,5.2774
5.0895,0.8640,4.3972,5.2769
5.0890,0.8655,4.4045,5.2763
5.0885,0.8670,4.4118,5.2758
5.0880,0.8685,4.4191,5.2753
5.0875,0.8701,4.4264,5.2748
5.0870,0.8716,4.4337,5.2743
5.0864,0.8731,4.4410,5.2738
5.0859,0.8746,4.4483,5.2733
5.0854,0.8762,4.4556,5.2728
5.0849,0.8777,4.4629,5.2722
5.0844,0.8792,4.4702,5.2717
5.0839,0.8807,4.4775,5.2712
5.0834,0.8823,4.4848,5.2707
5.0829,0.8838,4.4921,5.2702
5.0823,0.8853,4.4994,5.2697
5.0818,0.8868,4.5067,5.2692
5.0813,0.8883,4.5140,5.2687
5.0808,0.8899,4.5213,5.2681
5.0803,0.8914,4.5286,5.2676
5.0798,0.8929,4.5358,5.2671
5.0793,0.8944,4.5431,5.2666
5.0788,0.8960,4.5504,5.2661
5.0782,0.8975,4.5577,5.2656
5.0777,0.8990,4.5650,5.2651
5.0772,0.9005,4.5722,5.2646
5.0767,0.9021,4.5795,5.2640
5.0762,0.9036,4.5868,5.2635
5.0757,0.9051,4.5941,5.2630
5.0752,0.9066,4.6013,5.2625
5.0747,0.9082,4.6086,5.2620
5.0741,0.9097,4.6159,5.2615
5.0736,0.9112,4.6231,5.2610
5.0731,0.9127,4.6304,5.2605
5.0726,0.9143,4.6376,5.2599
5.0721,0.9158,4.6449,5.2594
5.0716,0.9173,4.6522,5.2589
5.0711,0.9188,4.6594,5.2584
5.0706,0.9203,4.6667,5.2579
5.0701,0.9219,4.6739,5.2574
5.0695,0.9234,4.6812,5.2569
5.0690,0.9249,4.6884,5.2564
5.0685,0.9264,4.6957,5.2558
5.0680,0.9280,4.7029,5.2553
5.0675,0.9295,4.7102,5.2548
5.0670,0.9310,4.7174,5.2543
5.0665,0.9325,4.7247,5.2538
5.0660,0.9341,4.7319,5.2533
5.0654,0.9356,4.7391,5.2528
5.0649,0.9371,4.7464,5.2523
5.0644,0.9386,4.7536,5.2517
5.0639,0.9402,4.7609,5.2512
5.0634,0.9417,4.7681,5.2507
5.0629,0.9432,4.7753,5.2502
5.0624,0.9447,4.7826,5.2497
5.0619,0.9463,4.7898,5.2492
5.0613,0.9478,4.7970,5.2487
5.0608,0.9493,4.8042,5.2482
5.0603,0.9508,4.8115,5.2476
5.0598,0.9523,4.8187,5.2471
5.0593,0.9539,4.8259,5.2466
5.0588,0.9554,4.8331,5.2461
5.0583,0.9569,4.8403,5.2456
5.0578,0.9584,4.8476,5.2451
5.0572,0.9600,4.8548,5.2446
5.0567,0.9615,4.8620,5.2441
5.0562,0.9630,4.8692,5.2436
5.0557,0.9645,4.8764,5.2430
5.0552,0.9661,4.8836,5.2425
5.0547,0.9676,4.8908,5.2420
5.0542,0.9691,4.8980,5.2415
5.0537,0.9706,4.9052,5.2410
5.0531,0.9722,4.9124,5.2405
5.0526,0.9737,4.9196,5.2400
5.0521,0.9752,4.9268,5.2395
5.0516,0.9767,4.9340,5.2389
5.0511,0.9782,4.9412,5.2384
5.0506,0.9798,4.9484,5.2379
5.0501,0.9813,4.9556,5.2374
5.0496,0.9828,4.9628,5.2369
5.0490,0.9843,4.9700,5.2364
5.0485,0.9859,4.9772,5.2359
5.0480,0.9874,4.9844,5.2354
5.0475,0.9889,4.9916,5.2348
5.0470,0.9904,4.9987,5.2343
5.0465,0.9920,5.0059,5.2338
5.0460,0.9935,5.0131,5.2333
5.0455,0.9950,5.0203,5.2328
5.0449,0.9965,5.0275,5.2323
5.0444,0.9981,5.0346,5.2318
5.0439,0.9996,5.0418,5.2313
5.0434,1.0011,5.0490,5.2307
5.0429,1.0026,5.0562,5.2302
5.0424,1.0042,5.0633,5.2297
5.0419,1.0057,5.0705,5.2292
5.0414,1.0072,5.0777,5.2287
5.0408,1.0087,5.0848,5.2282
5.0403,1.0102,5.0920,5.2277
5.0398,1.0118,5.0992,5.2272
5.0393,1.0133,5.1063,5.2266
5.0388,1.0148,5.1135,5.2261
5.0383,1.0163,5.1206,5.2256
5.0378,1.0179,5.1278,5.2251
5.0373,1.0194,5.1349,5.2246
5.0367,1.0209,5.1421,5.2241
5.0362,1.0224,5.1492,5.2236
5.0357,1.0240,5.1564,5.2231
5.0352,1.0255,5.1635,5.2225
5.0347,1.0270,5.1707,5.2220
5.0342,1.0285,5.1778,5.2215
5.0337,1.0301,5.1850,5.2210
5.0332,1.0316,5.1921,5.2205
5.0327,1.0331,5.1993,5.2200
5.0321,1.0346,5.2064,5.2195
5.0316,1.0362,5.2135,5.2190
5.0311,1.0377,5.2207,5.2184
5.0306,1.0392,5.2278,5.2179
5.0301,1.0407,5.2349,5.2174
5.0296,1.0422,5.2421,5.2169
5.0291,1.0438,5.2492,5.2164
5.0286,1.0453,5.2563,5.2159
5.0280,1.0468,5.2634,5.2154
5.0275,1.0483,5.2706,5.2149
5.0270,1.0499,5.2777,5.2143
5.0265,1.0514,5.2848,5.2138
5.0260,1.0529,5.2919,5.2133
5.0255,1.0544,5.2991,5.2128
5.0250,1.0560,5.3062,5.2123
5.0245,1.0575,5.3133,5.2118
5.0239,1.0590,5.3204,5.2113
5.0234,1.0605,5.3275,5.2108
5.0229,1.0621,5.3346,5.2103
5.0224,1.0636,5.3417,5.2097
5.0219,1.0651,5.3488,5.2092
5.0214,1.0666,5.3559,5.2087
5.0209,1.0682,5.3630,5.2082
5.0204,1.0697,5.3701,5.2077
5.0198,1.0712,5.3773,5.2072
5.0193,1.0727,5.3843,5.2067
5.0188,1.0742,5.3914,5.2062
5.0183,1.0758,5.3985,5.2056
5.0178,1.0773,5.4056,5.2051
5.0173,1.0788,5.4127,5.2046
5.0168,1.0803,5.4198,5.2041
5.0163,1.0819,5.4269,5.2036
5.0157,1.0834,5.4340,5.2031
5.0152,1.0849,5.4411,5.2026
5.0147,1.0864,5.4482,5.2021
5.0142,1.0880,5.4553,5.2015
5.0137,1.0895,5.4623,5.2010
5.0132,1.0910,5.4694,5.2005
5.0127,1.0925,5.4765,5.2000
5.0122,1.0941,5.4836,5.1995
5.0116,1.0956,5.4907,5.1990
5.0111,1.0971,5.4977,5.1985
5.0106,1.0986,5.5048,5.1980
5.0101,1.1002,5.5119,5.1974
5.0096,1.1017,5.5189,5.1969
5.0091,1.1032,5.5260,5.1964
5.0086,1.1047,5.5331,5.1959
5.0081,1.1062,5.5401,5.1954
5.0075,1.1078,5.5472,5.1949
5.0070,1.1093,5.5543,5.1944
5.0065,1.1108,5.5613,5.1939
5.0060,1.1123,5.5684,5.1933
5.0055,1.1139,5.5754,5.1928
5.0050,1.1154,5.5825,5.1923
5.0045,1.1169,5.5896,5.1918
5.0040,1.1184,5.5966,5.1913
5.0034,1.1200,5.6037,5.1908
5.0029,1.1215,5.6107,5.1903
5.0024,1.1230,5.6178,5.1898
5.0019,1.1245,5.6248,5.1892
5.0014,1.1261,5.6318,5.1887
5.0009,1.1276,5.6389,5.1882
5.0004,1.1291,5.6459,5.1877
4.9999,1.1306,5.6530,5.1872
4.9994,1.1321,5.6600,5.1867
4.9988,1.1337,5.6670,5.1862
4.9983,1.1352,5.6741,5.1857
4.9978,1.1367,5.6811,5.1851
4.9973,1.1382,5.6881,5.1846
4.9968,1.1398,5.6952,5.1841
4.9963,1.1413,5.7022,5.1836
4.9958,1.1428,5.7092,5.1831
4.9953,1.1443,5.7163,5.1826
4.9947,1.1459,5.7233,5.1821
4.9942,1.1474,5.7303,5.1816
4.9937,1.1489,5.7373,5.1810
4.9932,1.1504,5.7444,5.1805
4.9927,1.1520,5.7514,5.1800
4.9922,1.1535,5.7584,5.1795
4.9917,1.1550,5.7654,5.1790
4.9912,1.1565,5.7724,5.1785
4.9906,1.1581,5.7794,5.1780
4.9901,1.1596,5.7864,5.1775
4.9896,1.1611,5.7934,5.1770
4.9891,1.1626,5.8005,5.1764
4.9886,1.1641,5.8075,5.1759
4.9881,1.1657,5.8145,5.1754
4.9876,1.1672,5.8215,5.1749
4.9871,1.1687,5.8285,5.1744
4.9865,1.1702,5.8355,5.1739
4.9860,1.1718,5.8425,5.1734
4.9855,1.1733,5.8495,5.1729
4.9850,1.1748,5.8565,5.1723
4.9845,1.1763,5.8634,5.1718
4.9840,1.1779,5.8704,5.1713
4.9835,1.1794,5.8774,5.1708
4.9830,1.1809,5.8844,5.1703
4.9824,1.1824,5.8914,5.1698
4.9819,1.1840,5.8984,5.1693
4.9814,1.1855,5.9054,5.1688
4.9809,1.1870,5.9124,5.1682
4.9804,1.1885,5.9193,5.1677
4.9799,1.1901,5.9263,5.1672
4.9794,1.1916,5.9333,5.1667
4.9789,1.1931,5.9403,5.1662
4.9783,1.1946,5.9472,5.1657
4.9778,1.1961,5.9542,5.1652
4.9773,1.1977,5.9612,5.1647
4.9768,1.1992,5.9682,5.1641
4.9763,1.2007,5.9751,5.1636
4.9758,1.2022,5.9821,5.1631
4.9753,1.2038,5.9891,5.1626
4.9748,1.2053,5.9960,5.1621
4.9742,1.2068,6.0030,5.1616
4.9737,1.2083,6.0099,5.1611
4.9732,1.2099,6.0169,5.1606
4.9727,1.2114,6.0239,5.1600
4.9722,1.2129,6.0308,5.1595
4.9717,1.2144,6.0378,5.1590
4.9712,1.2160,6.0447,5.1585
4.9707,1.2175,6.0517,5.1580
4.9701,1.2190,6.0586,5.1575
4.9696,1.2205,6.0656,5.1570
4.9691,1.2221,6.0725,5.1565
4.9686,1.2236,6.0795,5.1559
4.9681,1.2251,6.0864,5.1554
4.9676,1.2266,6.0934,5.1549
4.9671,1.2281,6.1003,5.1544
4.9666,1.2297,6.1072,5.1539
4.9661,1.2312,6.1142,5.1534
4.9655,1.2327,6.1211,5.1529
4.9650,1.2342,6.1280,5.1524
4.9645,1.2358,6.1350,5.1518
4.9640,1.2373,6.1419,5.1513
4.9635,1.2388,6.1488,5.1508
4.9630,1.2403,6.1558,5.1503
4.9625,1.2419,6.1627,5.1498
4.9620,1.2434,6.1696,5.1493
4.9614,1.2449,6.1765,5.1488
4.9609,1.2464,6.1835,5.1483
4.9604,1.2480,6.1904,5.1477
4.9599,1.2495,6.1973,5.1472
4.9594,1.2510,6.2042,5.1467
4.9589,1.2525,6.2111,5.1462
4.9584,1.2540,6.2180,5.1457
4.9579,1.2556,6.2249,5.1452
4.9573,1.2571,6.2319,5.1447
4.9568,1.2586,6.2388,5.1442
4.9563,1.2601,6.2457,5.1436
4.9558,1.2617,6.2526,5.1431
4.9553,1.2632,6.2595,5.1426
4.9548,1.2647,6.2664,5.1421
4.9543,1.2662,6.2733,5.1416
4.9538,1.2678,6.2802,5.1411
4.9532,1.2693,6.2871,5.1406
4.9527,1.2708,6.2940,5.1401
4.9522,1.2723,6.3009,5.1396
4.9517,1.2739,6.3078,5.1390
4.9512,1.2754,6.3147,5.1385
4.9507,1.2769,6.3216,5.1380
4.9502,1.2784,6.3284,5.1375
4.9497,1.2800,6.3353,5.1370
4.9491,1.2815,6.3422,5.1365
4.9486,1.2830,6.3491,5.1360
4.9481,1.2845,6.3560,5.1355
4.9476,1.2860,6.3629,5.1349
4.9471,1.2876,6.3697,5.1344
4.9466,1.2891,6.3766,5.1339
4.9461,1.2906,6.3835,5.1334
4.9456,1.2921,6.3904,5.1329
4.9450,1.2937,6.3972,5.1324
4.9445,1.2952,6.4041,5.1319
4.9440,1.2967,6.4110,5.1314
4.9435,1.2982,6.4179,5.1308
4.9430,1.2998,6.4247,5.1303
4.9425,1.3013,6.4316,5.1298
4.9420,1.3028,6.4384,5.1293
4.9415,1.3043,6.4453,5.1288
4.9409,1.3059,6.4522,5.1283
4.9404,1.3074,6.4590,5.1278
4.9399,1.3089,6.4659,5.1273
4.9394,1.3104,6.4727,5.1267
4.9389,1.3120,6.4796,5.1262
4.9384,1.3135,6.4864,5.1257
4.9379,1.3150,6.4933,5.1252
4.9374,1.3165,6.5002,5.1247
4.9368,1.3180,6.5070,5.1242
4.9363,1.3196,6.5138,5.1237
4.9358,1.3211,6.5207,5.1232
4.9353,1.3226,6.5275,5.1226
4.9348,1.3241,6.5344,5.1221
4.9343,1.3257,6.5412,5.1216
4.9338,1.3272,6.5481,5.1211
4.9333,1.3287,6.5549,5.1206
4.9328,1.3302,6.5617,5.1201
4.9322,1.3318,6.5686,5.1196
4.9317,1.3333,6.5754,5.1191
4.9312,1.3348,6.5822,5.1185
4.9307,1.3363,6.5891,5.1180
4.9302,1.3379,6.5959,5.1175
4.9297,1.3394,6.6027,5.1170
4.9292,1.3409,6.6095,5.1165
4.9287,1.3424,6.6164,5.1160
4.9281,1.3440,6.6232,5.1155
4.9276,1.3455,6.6300,5.1150
4.9271,1.3470,6.6368,5.1144
4.9266,1.3485,6.6436,5.1139
4.9261,1.3500,6.6504,5.1134
4.9256,1.3516,6.6573,5.1129
4.9251,1.3531,6.6641,5.1124
4.9246,1.3546,6.6709,5.1119
4.9240,1.3561,6.6777,5.1114
4.9235,1.3577,6.6845,5.1109
4.9230,1.3592,6.6913,5.1103
4.9225,1.3607,6.6981,5.1098
4.9220,1.3622,6.7049,5.1093
4.9215,1.3638,6.7117,5.1088
4.9210,1.3653,6.7185,5.1083
4.9205,1.3668,6.7253,5.1078
4.9199,1.3683,6.7321,5.1073
4.9194,1.3699,6.7389,5.1068
4.9189,1.3714,6.7457,5.1063
4.9184,1.3729,6.7525,5.1057
4.9179,1.3744,6.7593,5.1052
4.9174,1.3759,6.7661,5.1047
4.9169,1.3775,6.7729,5.1042
4.9164,1.3790,6.7796,5.1037
4.9158,1.3805,6.7864,5.1032
4.9153,1.3820,6.7932,5.1027
4.9148,1.3836,6.8000,5.1022
4.9143,1.3851,6.8068,5.1016
4.9138,1.3866,6.8135,5.1011
4.9133,1.3881,6.8203,5.1006
4.9128,1.3897,6.8271,5.1001
4.9123,1.3912,6.8339,5.0996
4.9117,1.3927,6.8406,5.0991
4.9112,1.3942,6.8474,5.0986
4.9107,1.3958,6.8542,5.0981
4.9102,1.3973,6.8609,5.0975
4.9097,1.3988,6.8677,5.0970
4.9092,1.4003,6.8745,5.0965
4.9087,1.4019,6.8812,5.0960
4.9082,1.4034,6.8880,5.0955
4.9076,1.4049,6.8947,5.0950
4.9071,1.4064,6.9015,5.0945
4.9066,1.4079,6.9083,5.0939
4.9061,1.4095,6.9150,5.0934
4.9056,1.4110,6.9218,5.0929
4.9051,1.4125,6.9285,5.0924
4.9046,1.4140,6.9353,5.0919
4.9040,1.4156,6.9420,5.0914
4.9035,1.4171,6.9487,5.0909
4.9030,1.4186,6.9555,5.0903
4.9025,1.4201,6.9622,5.0898
4.9020,1.4217,6.9690,5.0893
4.9015,1.4232,6.9757,5.0888
4.9009,1.4247,6.9824,5.0883
4.9004,1.4262,6.9892,5.0878
4.8999,1.4278,6.9959,5.0872
4.8994,1.4293,7.0026,5.0867
4.8989,1.4308,7.0093,5.0862
4.8984,1.4323,7.0160,5.0857
4.8978,1.4339,7.0228,5.0852
4.8973,1.4354,7.0295,5.0846
4.8968,1.4369,7.0362,5.0841
4.8963,1.4384,7.0429,5.0836
4.8957,1.4399,7.0496,5.0831
4.8952,1.4415,7.0563,5.0825
4.8947,1.4430,7.0630,5.0820
4.8941,1.4445,7.0696,5.0814
4.8936,1.4460,7.0763,5.0809
4.8930,1.4476,7.0830,5.0804
4.8925,1.4491,7.0896,5.0798
4.8919,1.4506,7.0963,5.0792
4.8913,1.4521,7.1029,5.0787
4.8908,1.4537,7.1095,5.0781
4.8902,1.4552,7.1161,5.0775
4.8896,1.4567,7.1227,5.0769
4.8890,1.4582,7.1293,5.0763
4.8884,1.4598,7.1359,5.0757
4.8878,1.4613,7.1424,5.0751
4.8871,1.4628,7.1489,5.0744
4.8865,1.4643,7.1554,5.0738
4.8858,1.4659,7.1618,5.0731
4.8851,1.4674,7.1682,5.0724
4.8843,1.4689,7.1746,5.0717
4.8836,1.4704,7.1809,5.0709
4.8828,1.4719,7.1871,5.0701
4.8819,1.4735,7.1933,5.0692
4.8810,1.4750,7.1995,5.0683
4.8801,1.4765,7.2055,5.0674
4.8791,1.4780,7.2115,5.0664
4.8780,1.4796,7.2173,5.0653
4.8768,1.4811,7.2230,5.0642
4.8756,1.4826,7.2286,5.0629
4.8743,1.4841,7.2341,5.0616
4.8728,1.4857,7.2393,5.0601
4.8712,1.4872,7.2444,5.0586
4.8695,1.4887,7.2493,5.0568
4.8676,1.4902,7.2538,5.0549
4.8655,1.4918,7.2581,5.0528
4.8632,1.4933,7.2621,5.0505
4.8606,1.4948,7.2657,5.0480
4.8578,1.4963,7.2688,5.0451
4.8546,1.4978,7.2715,5.0420
4.8511,1.4994,7.2736,5.0384
4.8471,1.5009,7.2751,5.0345
4.8427,1.5024,7.2758,5.0301
4.8378,1.5039,7.2758,5.0251
4.8322,1.5055,7.2747,5.0195
4.8260,1.5070,7.2727,5.0133
4.8189,1.5085,7.2694,5.0062
4.8110,1.5100,7.2647,4.8110
4.8020,1.5116,7.2585,4.8020
4.7919,1.5131,7.2505,4.7919
4.7804,1.5146,7.2405,4.7804
4.7675,1.5161,7.2281,4.7675
4.7528,1.5177,7.2131,4.7528
4.7362,1.5192,7.1951,4.7362
4.7174,1.5207,7.1737,4.7174
4.6960,1.5222,7.1484,4.6960
4.6717,1.5238,7.1186,4.6717
4.6442,1.5253,7.0837,4.6442
4.6129,1.5268,7.0429,4.6129
4.5772,1.5283,6.9955,4.5772
4.5367,1.5298,6.9404,4.5367
4.4905,1.5314,6.8766,4.4905
4.4378,1.5329,6.8026,4.4378
4.3776,1.5344,6.7171,4.3776
4.3088,1.5359,6.6181,4.3088
4.2301,1.5375,6.5037,4.2301
4.1399,1.5390,6.3713,4.1399
4.0364,1.5405,6.2181,4.0364
3.9172,1.5420,6.0405,3.9172
3.7798,1.5436,5.8344,3.7798
3.6209,1.5451,5.5946,3.6209
3.4365,1.5466,5.3150,3.4365
3.2218,1.5481,4.9877,3.2218
2.9704,1.5497,4.6032,2.9704
2.6746,1.5512,4.1488,2.6746
2.3240,1.5527,3.6085,2.3240
1.9048,1.5542,2.9605,1.9048
1.3981,1.5558,2.1751,1.3981
0.7767,1.5573,1.2095,0.7767
0.0000,1.5588,0.0000,0.0000
